{
  "results": [
    {
      "resultId:": 1,
      "CountyId": 1,
      "Party": "Democrat",
      "Candidate": "Reed",
      "Votes": 44
    },
    {
      "resultId:": 2,
      "CountyId": 1,
      "Party": "Democrat",
      "Candidate": "Harris",
      "Votes": 24
    },
    {
      "resultId:": 3,
      "CountyId": 1,
      "Party": "Republican",
      "Candidate": "Embiid",
      "Votes": 100
    },
    {
      "resultId:": 4,
      "CountyId": 1,
      "Party": "Republican",
      "Candidate": "Maxey",
      "Votes": 76
    },
    {
      "resultId:": 5,
      "CountyId": 2,
      "Party": "Republican",
      "Candidate": "Harden",
      "Votes": 88
    },
    {
      "resultId:": 6,
      "CountyId": 2,
      "Party": "Democrat",
      "Candidate": "Reed",
      "Votes": 44
    },
    {
      "resultId:": 7,
      "CountyId": 2,
      "Party": "Democrat",
      "Candidate": "Harris",
      "Votes": 24
    },
    {
      "resultId:": 8,
      "CountyId": 2,
      "Party": "Republican",
      "Candidate": "Embiid",
      "Votes": 100
    },
    {
      "resultId:": 9,
      "CountyId": 2,
      "Party": "Republican",
      "Candidate": "Maxey",
      "Votes": 76
    },
    {
      "resultId:": 10,
      "CountyId": 2,
      "Party": "Republican",
      "Candidate": "Harden",
      "Votes": 88
    },
    {
      "resultId:": 11,
      "CountyId": 3,
      "Party": "Democrat",
      "Candidate": "Reed",
      "Votes": 44
    },
    {
      "resultId:": 12,
      "CountyId": 3,
      "Party": "Democrat",
      "Candidate": "Harris",
      "Votes": 24
    },
    {
      "resultId:": 13,
      "CountyId": 3,
      "Party": "Republican",
      "Candidate": "Embiid",
      "Votes": 100
    },
    {
      "resultId:": 14,
      "CountyId": 3,
      "Party": "Republican",
      "Candidate": "Maxey",
      "Votes": 76
    },
    {
      "resultId:": 15,
      "CountyId": 3,
      "Party": "Republican",
      "Candidate": "Harden",
      "Votes": 88
    },
    {
      "resultId:": 16,
      "CountyId": 4,
      "Party": "Democrat",
      "Candidate": "Reed",
      "Votes": 44
    },
    {
      "resultId:": 17,
      "CountyId": 4,
      "Party": "Democrat",
      "Candidate": "Harris",
      "Votes": 24
    },
    {
      "resultId:": 18,
      "CountyId": 4,
      "Party": "Republican",
      "Candidate": "Embiid",
      "Votes": 100
    },
    {
      "resultId:": 19,
      "CountyId": 4,
      "Party": "Republican",
      "Candidate": "Maxey",
      "Votes": 76
    },
    {
      "resultId:": 20,
      "CountyId": 4,
      "Party": "Republican",
      "Candidate": "Harden",
      "Votes": 88
    },
    {
      "resultId:": 21,
      "CountyId": 5,
      "Party": "Democrat",
      "Candidate": "Reed",
      "Votes": 44
    },
    {
      "resultId:": 22,
      "CountyId": 5,
      "Party": "Democrat",
      "Candidate": "Harris",
      "Votes": 24
    },
    {
      "resultId:": 23,
      "CountyId": 5,
      "Party": "Republican",
      "Candidate": "Embiid",
      "Votes": 100
    },
    {
      "resultId:": 24,
      "CountyId": 5,
      "Party": "Republican",
      "Candidate": "Maxey",
      "Votes": 76
    },
    {
      "resultId:": 25,
      "CountyId": 5,
      "Party": "Republican",
      "Candidate": "Harden",
      "Votes": 88
    },
    {
      "resultId:": 26,
      "CountyId": 6,
      "Party": "Democrat",
      "Candidate": "Reed",
      "Votes": 44
    },
    {
      "resultId:": 27,
      "CountyId": 6,
      "Party": "Democrat",
      "Candidate": "Harris",
      "Votes": 24
    },
    {
      "resultId:": 28,
      "CountyId": 6,
      "Party": "Republican",
      "Candidate": "Embiid",
      "Votes": 100
    },
    {
      "resultId:": 29,
      "CountyId": 6,
      "Party": "Republican",
      "Candidate": "Maxey",
      "Votes": 76
    },
    {
      "resultId:": 30,
      "CountyId": 6,
      "Party": "Republican",
      "Candidate": "Harden",
      "Votes": 88
    }
  ]
}
