{
  "Pennsylvania": {
    "Adams": {
      "Democrat": {
        "Reed": 100,
        "Harris": 90
      },
      "Republican": {
        "Embiid": 55,
        "Maxey": 75,
        "Harden": 88
      }
    },
    "Allegheny": {
      "Democrat": {
        "Reed": 100,
        "Harris": 90
      },
      "Republican": {
        "Embiid": 55,
        "Maxey": 75,
        "Harden": 88
      }
    },
    "Armstrong": {
      "Democrat": {
        "Reed": 100,
        "Harris": 90
      },
      "Republican": {
        "Embiid": 55,
        "Maxey": 75,
        "Harden": 88
      }
    },
    "Beaver": {
      "Democrat": {
        "Reed": 100,
        "Harris": 90
      },
      "Republican": {
        "Embiid": 55,
        "Maxey": 75,
        "Harden": 88
      }
    },
    "Bedford": {
      "Democrat": {
        "Reed": 100,
        "Harris": 90
      },
      "Republican": {
        "Embiid": 55,
        "Maxey": 75,
        "Harden": 88
      }
    },
    "Berks": {
      "Democrat": {
        "Reed": 100,
        "Harris": 90
      },
      "Republican": {
        "Embiid": 55,
        "Maxey": 75,
        "Harden": 88
      }
    },
    "Blair": {
      "Democrat": {
        "Reed": 100,
        "Harris": 90
      },
      "Republican": {
        "Embiid": 55,
        "Maxey": 75,
        "Harden": 88
      }
    },
    "Bradford": {
      "Democrat": {
        "Reed": 100,
        "Harris": 90
      },
      "Republican": {
        "Embiid": 55,
        "Maxey": 75,
        "Harden": 88
      }
    },
    "Bucks": {
      "Democrat": {
        "Reed": 100,
        "Harris": 90
      },
      "Republican": {
        "Embiid": 55,
        "Maxey": 75,
        "Harden": 88
      }
    },
    "Butler": {
      "Democrat": {
        "Reed": 100,
        "Harris": 90
      },
      "Republican": {
        "Embiid": 55,
        "Maxey": 75,
        "Harden": 88
      }
    },
    "Cambria": {
      "Democrat": {
        "Reed": 100,
        "Harris": 90
      },
      "Republican": {
        "Embiid": 55,
        "Maxey": 75,
        "Harden": 88
      }
    },
    "Cameron": {
      "Democrat": {
        "Reed": 100,
        "Harris": 90
      },
      "Republican": {
        "Embiid": 55,
        "Maxey": 75,
        "Harden": 88
      }
    },
    "Carbon": {
      "Democrat": {
        "Reed": 100,
        "Harris": 90
      },
      "Republican": {
        "Embiid": 55,
        "Maxey": 75,
        "Harden": 88
      }
    },
    "Centre": {
      "Democrat": {
        "Reed": 100,
        "Harris": 90
      },
      "Republican": {
        "Embiid": 55,
        "Maxey": 75,
        "Harden": 88
      }
    },
    "Chester": {
      "Democrat": {
        "Reed": 100,
        "Harris": 90
      },
      "Republican": {
        "Embiid": 55,
        "Maxey": 75,
        "Harden": 88
      }
    },
    "Clarion": {
      "Democrat": {
        "Reed": 100,
        "Harris": 90
      },
      "Republican": {
        "Embiid": 55,
        "Maxey": 75,
        "Harden": 88
      }
    },
    "Clearfield": {
      "Democrat": {
        "Reed": 100,
        "Harris": 90
      },
      "Republican": {
        "Embiid": 55,
        "Maxey": 75,
        "Harden": 88
      }
    },
    "Clinton": {
      "Democrat": {
        "Reed": 100,
        "Harris": 90
      },
      "Republican": {
        "Embiid": 55,
        "Maxey": 75,
        "Harden": 88
      }
    },
    "Columbia": {
      "Democrat": {
        "Reed": 100,
        "Harris": 90
      },
      "Republican": {
        "Embiid": 55,
        "Maxey": 75,
        "Harden": 88
      }
    },
    "Crawford": {
      "Democrat": {
        "Reed": 100,
        "Harris": 90
      },
      "Republican": {
        "Embiid": 55,
        "Maxey": 75,
        "Harden": 88
      }
    },
    "Cumberland": {
      "Democrat": {
        "Reed": 100,
        "Harris": 90
      },
      "Republican": {
        "Embiid": 55,
        "Maxey": 75,
        "Harden": 88
      }
    },
    "Dauphin": {
      "Democrat": {
        "Reed": 100,
        "Harris": 90
      },
      "Republican": {
        "Embiid": 55,
        "Maxey": 75,
        "Harden": 88
      }
    },
    "Delaware": {
      "Democrat": {
        "Reed": 100,
        "Harris": 90
      },
      "Republican": {
        "Embiid": 55,
        "Maxey": 75,
        "Harden": 88
      }
    },
    "Elk": {},
    "Erie": {},
    "Fayette": {},
    "Forest": {},
    "Franklin": {},
    "Fulton": {},
    "Greene": {},
    "Huntingdon": {},
    "Indiana": {},
    "Jefferson": {},
    "Juniata": {},
    "Lackawanna": {},
    "Lancaster": {},
    "Lawrence": {},
    "Lebanon": {},
    "Lehigh": {},
    "Luzerne": {},
    "Lycoming": {},
    "McKean": {},
    "Mercer": {},
    "Mifflin": {},
    "Monroe": {},
    "Montgomery": {},
    "Montour": {},
    "Northampton": {},
    "Northumberland": {},
    "Perry": {},
    "Philadelphia": {},
    "Pike": {},
    "Potter": {},
    "Schuylkill": {},
    "Snyder": {},
    "Somerset": {},
    "Sullivan": {},
    "Susquehanna": {},
    "Tioga": {},
    "Union": {},
    "Venango": {},
    "Warren": {},
    "Washington": {},
    "Wayne": {},
    "Westmoreland": {},
    "Wyoming": {},
    "York": {}
  }
}
